"id","ident","type","name","latitude_deg","longitude_deg","elevation_ft","continent","iso_country","iso_region","municipality","scheduled_service","gps_code","iata_code","local_code","home_link","wikipedia_link","keywords"
312371,"AHJ","medium_airport","Hongyuan Airport",32.53154,102.35224,11600,"AS","CN","CN-51","Aba","no","ZUHY","AHJ",,,"http://en.wikipedia.org/wiki/Hongyuan_Airport",
314558,"AXF","small_airport","Alxa Left Banner-Bayanhot Airport",38.8241,105.626,4806,"AS","CN","CN-15","Bayanhot","yes",,"AXF",,,"http://en.wikipedia.org/wiki/Alxa_Left_Banner_Bayanhot_Airport",
35146,"CN-0001","closed","Old Guangzhou Baiyun International Airport",23.184200286865234,113.26599884033203,,"AS","CN","CN-44","Guangzhou","no",,,,,"http://en.wikipedia.org/wiki/Guangzhou_Baiyun_International_Airport_%28former%29","CAN ZGGG"
42466,"CN-0002","medium_airport","Nanjing Air Base",31.998300552368164,118.81199645996094,,"AS","CN","CN-32","Nanjing","no",,,,,,"Dajiaochang"
43972,"CN-0003","medium_airport","Laohutun Air Base",39.66999816894531,121.76599884033203,,"AS","CN","CN-21",,"no",,,,,,
43973,"CN-0004","medium_airport","Pulandian Air Base",39.45090103149414,122.01799774169922,,"AS","CN","CN-21",,"no",,,,,,
43975,"CN-0005","small_airport","Tangshan Sannühe Airport",39.7178001404,118.002624512,50,"AS","CN","CN-13","Tangshan","yes","ZBTS","TVS",,,"http://en.wikipedia.org/wiki/Tangshan_Air_Base","Tangshan Air Base, 唐山三女河机场"
44082,"CN-0006","medium_airport","Beijing Shahezhen Air Base",40.149166107177734,116.3213882446289,,"AS","CN","CN-11","Beijing","no",,,,,,
44083,"CN-0007","medium_airport","Beijing Tongxian Air Base",39.81111145019531,116.70833587646484,,"AS","CN","CN-11","Beijing","no",,,,,,
45045,"CN-0008","small_airport","Wang Kang Airfield",45.666,126.5275,,"AS","CN","CN-23","Harbin","no",,,,,,
45046,"CN-0009","small_airport","Shuang Yu Shu Airfield",45.66,126.7,,"AS","CN","CN-23","Harbin","no",,,,,,
298989,"CN-0010","medium_airport","Hedong Airport",38.322758333,106.393213889,,"AS","CN","CN-64","Yinchuan","no",,,,,,
301195,"CN-0011","closed","[Duplicate] Gu-Lian Airport",52.913917,122.427768,1836,"AS","CN","CN-23","Mohe","yes","ZYMH","OHE",,,"http://en.wikipedia.org/wiki/Mohe_Gulian_Airport",
44127,"CN-0012","medium_airport","Yuanmou Air Base",25.737499237061,101.88200378418,3810,"AS","CN","CN-53","Yuanmou","no","ZPYM","YUA",,,,
44089,"CN-0013","medium_airport","Fengning Air Base",41.260799407958984,116.61799621582031,,"AS","CN","CN-13",,"no",,,,,,
44090,"CN-0014","medium_airport","Hohhot Air Base",40.73720169067383,111.22899627685547,,"AS","CN","CN-15",,"no",,,,,,
44091,"CN-0015","medium_airport","Huairen Air Base",39.717498779299994,113.142997742,3260,"AS","CN","CN-14","Datong","no",,,,,"http://en.wikipedia.org/wiki/Huairen_Air_Base","Datong Huairen Airport"
44092,"CN-0016","medium_airport","Liangxiangzhen Air Base",39.7578010559082,116.1259994506836,,"AS","CN","CN-11","Beijing","no",,,,,,
307260,"CN-0017","heliport","Lushan Heliport",29.664375858,116.079955101,,"AS","CN","CN-U-A",,"no",,,,,,"Helicopter complex"
44094,"CN-0018","medium_airport","Tangguantun Air Base",38.78110122680664,117.06800079345703,,"AS","CN","CN-12",,"no",,,,,,
44095,"CN-0019","closed","Tangshan Air Base",39.65639877319336,118.13600158691406,,"AS","CN","CN-13",,"no",,,,,,
44096,"CN-0020","medium_airport","Wenshui Air Base",37.407798767089844,111.96600341796875,,"AS","CN","CN-14",,"no",,,,,,
44097,"CN-0021","medium_airport","Yangcun Air Base",39.37329864501953,117.09500122070312,,"AS","CN","CN-12",,"no",,,,,,"Meichong"
44098,"CN-0022","medium_airport","Yongning Air Base",40.50310134887695,116.10800170898438,,"AS","CN","CN-11","Yongning","no",,,,,,
312491,"CN-0023","small_airport","Badaling or YanQing Airport",40.3786111111,115.9375,1750,"AS","CN","CN-13","Yanqing","no",,,,,,
44100,"CN-0024","medium_airport","Zhangjiakou Ningyuan Airport",40.7386016846,114.930000305,2347,"AS","CN","CN-13","Zhangjiakou","yes","ZBZJ","ZQZ",,,"http://en.wikipedia.org/wiki/Zhangjiakou_Ningyuan_Airport","Zhangjiakou Air Base, 张家口宁远机场"
44101,"CN-0025","medium_airport","Zunhua Air Base",40.102500915527344,117.88700103759766,,"AS","CN","CN-13",,"no",,,,,,
44102,"CN-0026","medium_airport","Chengdu Air Base",30.705299377441406,103.94999694824219,,"AS","CN","CN-51",,"no",,,,,,
44103,"CN-0027","medium_airport","Baoshan Yunduan Airport",25.053301,99.168297,5453,"AS","CN","CN-53",,"yes","ZPBS","BSD",,,"http://en.wikipedia.org/wiki/Baoshan_Yunduan_Airport",
314643,"CN-0028","heliport","Fiery Cross Reef Helipad",9.539168,112.880071,,"AS","CN","CN-46",,"no",,,,,,
314644,"CN-0029","small_airport","Fiery Cross Reef Airfield",9.552789,112.889554,,"AS","CN","CN-46",,"no",,,,,,
44106,"CN-0030","medium_airport","Chongqing Air Base",29.49530029296875,106.35900115966797,,"AS","CN","CN-50","Chongqing","no",,,,,,
314648,"CN-0031","heliport","Subi Reef Helipad",10.913002,114.061933,,"AS","CN","CN-U-A",,"no",,,,,,
314908,"CN-0032","closed","Kunming Wujiaba International Airport",24.9924,102.7435,6221,"AS","CN","CN-53","Kunming","no",,,,,"https://en.wikipedia.org/wiki/Kunming_Wujiaba_International_Airport","KMG, ZPPP"
44109,"CN-0033","small_airport","Dangxiong Air Base",30.485000610351562,91.06580352783203,,"AS","CN","CN-54",,"no",,,,,,
44110,"CN-0034","small_airport","Dazu Air Base",29.636227,105.773621,1220,"AS","CN","CN-50","Dazu","no","ZUDZ","DZU",,,,
44128,"CN-0035","small_airport","Zhanyi Airport",25.592199325561523,103.8290023803711,,"AS","CN","CN-53",,"no",,,,,,
315143,"CN-0036","small_airport","Shantou Waisha Airport",23.426900863647,116.7620010376,29,"AS","CN","CN-44","Shantou","no",,,,,"https://en.wikipedia.org/wiki/Shantou_Waisha_Airport",
315169,"CN-0037","small_airport","Yongji Airport",34.8723,110.361,1236,"AS","CN","CN-14","Yongji","no",,,,,,"Yongyi Air Base"
317868,"CN-0038","heliport","BFA International Convention Center Heliport",19.140251,110.5632,0,"AS","CN","CN-46","Dongyu Island","no",,,,,,
44115,"CN-0039","small_airport","Lijiang Airport",23.5847,102.010003,,"AS","CN","CN-53","Yuanjiang","no",,,,,,
44116,"CN-0040","medium_airport","Lintsang Airfield",23.738100051900002,100.025001526,6230,"AS","CN","CN-53","Lincang","yes","ZPLC","LNJ",,,"http://en.wikipedia.org/wiki/Lincang_Airport","Lincang Airport"
44117,"CN-0041","medium_airport","Luliang Air Base",24.988300323486328,103.64199829101562,,"AS","CN","CN-53",,"no",,,,,,
317986,"CN-0042","closed","Old Dangyang Airport",30.823,111.8121,200,"AS","CN","CN-42","Dangyang","no",,,,,,
44119,"CN-0043","medium_airport","Mengzi Air Base",23.395299911499023,103.33399963378906,,"AS","CN","CN-53",,"no",,,,,,
317988,"CN-0044","closed","Yichang Tu Men Wu Airport",30.671,111.4404,235,"AS","CN","CN-42","Yichang","no",,,,,,
44121,"CN-0045","medium_airport","Qionglai Air Base",30.489999771118164,103.46499633789062,,"AS","CN","CN-51",,"no",,,,,,
44122,"CN-0046","medium_airport","Shigatse Air Base",29.3519,89.311401,3782,"AS","CN","CN-54","Xigazê","yes","ZURK","RKZ",,,"http://en.wikipedia.org/wiki/Shigatse_Peace_Airport",
317990,"CN-0047","closed","Old Yueyang Airport",29.424,113.0416,90,"AS","CN","CN-43","Yeuyang","no",,,,,,
44124,"CN-0048","medium_airport","Wenshan Air Base",23.715599060058594,103.8270034790039,,"AS","CN","CN-53",,"no",,,,,,
44125,"CN-0049","medium_airport","Xiangyun Midu Air Base",25.44529914855957,100.73500061035156,,"AS","CN","CN-53",,"no",,,,,,
44126,"CN-0050","medium_airport","Bao'anying Airport",26.54,101.79852,1620,"AS","CN","CN-51","Panzhihua","yes","ZUZH","PZI",,,"http://en.wikipedia.org/wiki/Panzhihua_Bao'anying_Airport","Xining Air Base, 攀枝花保安营机场"
323879,"CN-0051","small_airport","Zigong Airport",29.376484,104.625789,1133,"AS","CN","CN-51","Zigong","no",,"ZKL",,,,"Fengming General Airport"
318170,"CN-0052","small_airport","Leshan Airport",29.733396,103.612168,,"AS","CN","CN-51","Leshan","no",,,,,,
44131,"CN-0053","medium_airport","Baihe Ning Ming Air Base",22.1205997467041,107.125,,"AS","CN","CN-45",,"no",,,,,,
318172,"CN-0054","small_airport","Baoding Army Heliport",38.83359,115.521626,,"AS","CN","CN-13","Baoding","no",,,,,,
44133,"CN-0055","medium_airport","Changsha Datuopu Airport/AFB",28.0688991547,112.958000183,170,"AS","CN","CN-43","Changsha","no","ZGCS",,,,,"Changsha City Airport"
44134,"CN-0056","medium_airport","Dangyang Air Base",30.798599243164062,111.80999755859375,,"AS","CN","CN-42",,"no",,,,,,
44135,"CN-0057","medium_airport","Foluo Northeast Air Base",18.69219970703125,109.16100311279297,,"AS","CN","CN-46",,"no",,,,,,
318233,"CN-0058","closed","Donggang Airport",39.948964,124.145162,,"AS","CN","CN-21","Dandong","no",,,,,,
44137,"CN-0059","small_airport","Guangzhou East Airfield",23.16469955444336,113.36900329589844,,"AS","CN","CN-44",,"no",,,,,,
318340,"CN-0060","small_airport","Haibei Airport",36.990726,100.857505,,"AS","CN","CN-63","Haibei","no",,,,,,
44139,"CN-0061","medium_airport","Foshan Shadi Airport",23.083299636799996,113.069999695,6,"AS","CN","CN-44","Foshan","yes","ZGFS","FUO",,,"http://en.wikipedia.org/wiki/Foshan_Shadi_Airport","Guangzhou Shadi Air Base"
323881,"CN-0062","closed","Bazhong Enyang Airport",31.73842,106.644872,1804,"AS","CN","CN-51","Bazhong","no",,,,,"https://en.wikipedia.org/wiki/Bazhong_Enyang_Airport",
44141,"CN-0063","medium_airport","Guiping Mengshu Air Base",23.330799102783203,110.00900268554688,,"AS","CN","CN-45",,"no",,,,,,
44142,"CN-0064","small_airport","Haikou City Airfield",20.01889991760254,110.34700012207031,,"AS","CN","CN-46",,"no",,,,,,
323882,"CN-0065","closed","Hanzhong Xiguan Airport",33.063599,107.008003,,"AS","CN","CN-61","Hanzhong","no",,,,,"https://en.wikipedia.org/wiki/Hanzhong_Xiguan_Airport",
323884,"CN-0066","small_airport","Guiyang Air Base",26.40994,106.532264,,"AS","CN","CN-52","Guiyang","no",,,,,,
323907,"CN-0067","small_airport","Queshan Air Base",32.540819,114.079141,,"AS","CN","CN-41",,"no",,,,,,
44146,"CN-0068","medium_airport","Huizhou Airport",23.0499992371,114.599998474,50,"AS","CN","CN-44","Huizhou","yes","ZGHZ","HUZ",,,"http://en.wikipedia.org/wiki/Huizhou_Airport","Huiyang Air Base, Pingtan Airport"
44147,"CN-0069","medium_airport","Jialaishi Air Base",19.697200775146484,109.72599792480469,,"AS","CN","CN-46",,"no",,,,,,
324335,"CN-0070","closed","Changchun East Airport",43.888157,125.405307,660,"AS","CN","CN-22","Changchun","no",,,,,,
44149,"CN-0071","medium_airport","Leiyang Air Base",26.587200164794922,112.89199829101562,,"AS","CN","CN-43",,"no",,,,,,
44150,"CN-0072","medium_airport","Lingshui Air Base",18.494400024414062,109.98799896240234,,"AS","CN","CN-46",,"no",,,,,,
324348,"CN-0073","small_airport","Danfeng Airport",33.708533,110.249284,,"AS","CN","CN-61","Danfeng","no",,,,,,
324349,"CN-0074","medium_airport","Shangqiu Air Base",34.449507,115.459261,,"AS","CN","CN-41","Shangqiu","no",,,,,"https://en.wikipedia.org/wiki/Shangqiu_Airport",
44153,"CN-0075","small_airport","Meixian Air Base",24.264999389648438,116.0999984741211,,"AS","CN","CN-44",,"no",,,,,,
324768,"CN-0076","medium_airport","Zhengzhou Air Base",34.86125,113.729631,,"AS","CN","CN-41",,"no",,,,,,
44157,"CN-0079","medium_airport","Shaoguan Guitou Airport",24.9785995483,113.42099762,280,"AS","CN","CN-44","Shaoguan","no",,"HSC",,,"http://en.wikipedia.org/wiki/Shaoguan_Guitou_Airport","Shaoguan Air Base"
44158,"CN-0080","medium_airport","Suixi Air Base",21.39579963684082,110.19999694824219,,"AS","CN","CN-44",,"no",,,,,,
44159,"CN-0081","medium_airport","Jinggangshan Airport",26.856899261499997,114.736999512,281,"AS","CN","CN-36","Ji'an","yes","ZSJA","JGS",,,"http://en.wikipedia.org/wiki/Jinggangshan_Airport","Tiahe Air Base"
44160,"CN-0082","medium_airport","Baise Youjiang Airport",23.7206001282,106.959999084,490,"AS","CN","CN-45","Baise","yes","ZGBS","AEB",,,"http://en.wikipedia.org/wiki/Baise_Youjiang_Airport","Tian Yang Air Base, Bose airport, 百色右江机场"
44162,"CN-0084","closed","Wuhan Air Base",30.598600387599998,114.241996765,80,"AS","CN","CN-42","Wuhan","no","ZHWT",,,,,"Wangjiadun Airport,"
44163,"CN-0085","medium_airport","Xiaogan Air Base",30.95439910888672,113.91100311279297,,"AS","CN","CN-42",,"no",,,,,,
44167,"CN-0089","medium_airport","Baitabu Air Base",34.5713996887207,118.875,,"AS","CN","CN-32",,"no",,,,,,
44168,"CN-0090","medium_airport","Cangxian Air Base",38.40250015258789,116.92900085449219,,"AS","CN","CN-13",,"no",,,,,,
44169,"CN-0091","medium_airport","Dongying Shengli Airport",37.5085983276,118.788002014,15,"AS","CN","CN-37","Dongying","no","ZSDY","DOY",,,"http://en.wikipedia.org/wiki/Dongying_Shengli_Airport","Dongying Air Base, Dongying Yong'an Airport"
44170,"CN-0092","medium_airport","Jiaozhou/Jiaocheng Air Base",36.33060073852539,120.02400207519531,,"AS","CN","CN-37",,"no",,,,,,
44171,"CN-0093","medium_airport","Jinan Air Base",36.67919921875,116.9209976196289,,"AS","CN","CN-37",,"no",,,,,,
44172,"CN-0094","medium_airport","Jiugucheng Air Base",37.4900016784668,116.11799621582031,,"AS","CN","CN-13",,"no",,,,,,
44173,"CN-0095","medium_airport","Kaifeng Air Base",34.75389862060547,114.33899688720703,,"AS","CN","CN-41","Kaifeng","no",,,,,,
44174,"CN-0096","medium_airport","Laiyang Air Base",36.963600158691406,120.59100341796875,,"AS","CN","CN-37",,"no",,,,,,
44175,"CN-0097","medium_airport","Luyang Air Base",33.68470001220703,112.89099884033203,,"AS","CN","CN-41",,"no",,,,,,
44178,"CN-0100","medium_airport","Qingdao-Cangkou Air Base",36.15919876098633,120.39199829101562,,"AS","CN","CN-37",,"no",,,,,,
44179,"CN-0101","seaplane_base","Qingdao Naval Base",36.04690170288086,120.28399658203125,,"AS","CN","CN-37",,"no",,,,,,
44181,"CN-0103","medium_airport","Wendeng Air Base",37.26470184326172,122.02300262451172,,"AS","CN","CN-37",,"no",,,,,,
44182,"CN-0104","medium_airport","Xingcheng Air Base",40.580299377399996,120.697998047,30,"AS","CN","CN-21",,"no","ZYXC","XEN",,,,
44183,"CN-0105","medium_airport","Xuzhou Daguozhang Air Base",34.05889892578125,117.55799865722656,,"AS","CN","CN-32",,"no",,,,,,
44184,"CN-0106","medium_airport","Xuzhou Jiulishan Air Base",34.23059844970703,117.24600219726562,,"AS","CN","CN-32",,"no",,,,,,
44187,"CN-0109","medium_airport","Yidu Air Base",36.591400146484375,118.5270004272461,,"AS","CN","CN-37",,"no",,,,,,
44189,"CN-0111","medium_airport","Zhucheng Air Base",36.02750015258789,119.43900299072266,,"AS","CN","CN-37",,"no",,,,,,
44191,"CN-0113","medium_airport","Altay Air Base",47.7498855591,88.08580780030002,2460,"AS","CN","CN-65","Altay","yes","ZWAT","AAT",,,"http://en.wikipedia.org/wiki/Altay_Airport",
44192,"CN-0114","medium_airport","Baoji Air Base",34.531700134277344,107.47200012207031,,"AS","CN","CN-61",,"no",,,,,,
44195,"CN-0117","medium_airport","Gonghe Air Base",36.336700439453125,100.4800033569336,,"AS","CN","CN-63",,"no",,,,,,
44201,"CN-0123","medium_airport","Lanzhou Air Base",35.91780090332031,104.21800231933594,,"AS","CN","CN-62","Lanzhou","no",,,,,,
44203,"CN-0125","medium_airport","Ljtao Air Base",35.30830001831055,103.83599853515625,,"AS","CN","CN-62",,"no",,,,,,
44205,"CN-0127","medium_airport","Qingshui Air Base",39.5546989440918,98.88420104980469,,"AS","CN","CN-62",,"no",,,,,,
44207,"CN-0129","small_airport","Shihezi Airfield",44.332801818847656,86.11669921875,,"AS","CN","CN-65",,"no",,,,,,
44208,"CN-0130","medium_airport","Tianshui Maijishan Airport",34.5593986511,105.86000061,3590,"AS","CN","CN-62","Tianshui","yes","ZLTS","THQ",,,"http://en.wikipedia.org/wiki/Tianshui_Maijishan_Airport","Tianshui Air Base, 天水麦积山机场"
44210,"CN-0132","medium_airport","Urumqi South Air Base",43.46580123901367,87.5322036743164,,"AS","CN","CN-65",,"no",,,,,,
44211,"CN-0133","medium_airport","Uxxaktal Air Base",42.181400299072266,87.18810272216797,,"AS","CN","CN-65",,"no",,,,,,
44212,"CN-0134","medium_airport","Wugong Air Base",34.274200439453125,108.26599884033203,,"AS","CN","CN-61",,"no",,,,,,
44213,"CN-0135","medium_airport","Wulumuqi Air Base",43.9502983093,87.0785980225,2425,"AS","CN","CN-65",,"no",,,,,,
44214,"CN-0136","medium_airport","Wuwei Air Base",37.98830032348633,102.56700134277344,,"AS","CN","CN-62",,"no",,,,,,
44215,"CN-0137","medium_airport","Xian Air Base",34.153900146484375,108.5989990234375,,"AS","CN","CN-61",,"no",,,,,,
44216,"CN-0138","medium_airport","Xincheng Air Base",25.54829978942871,114.61900329589844,,"AS","CN","CN-36",,"no",,,,,,
44217,"CN-0139","medium_airport","Yaerbashi Test Range",43.07720184326172,92.80809783935547,,"AS","CN","CN-65",,"no",,,,,,
44218,"CN-0140","medium_airport","Yanliang Air Base",34.64390182495117,109.24299621582031,,"AS","CN","CN-61",,"no",,,,,,
44221,"CN-0143","medium_airport","Zhangye Ganzhou Airport",38.8018989563,100.675003052,5280,"AS","CN","CN-62","Zhangye","yes","ZLZY","YZY",,,"http://en.wikipedia.org/wiki/Zhangye_Ganzhou_Airport","Zhangye Southeast Air Base, 张掖甘州机场"
44223,"CN-0145","medium_airport","Changzing Air Base",30.968599319458008,119.73100280761719,,"AS","CN","CN-33",,"no",,,,,,
44224,"CN-0146","medium_airport","Daishan Air Base",30.287799835205078,122.1449966430664,,"AS","CN","CN-33",,"no",,,,,,
44225,"CN-0147","medium_airport","Feidong Air Base",31.909400939941406,117.65899658203125,,"AS","CN","CN-34",,"no",,,,,,
44227,"CN-0149","medium_airport","Fuzhou Air Base",26.0044002532959,119.31199645996094,,"AS","CN","CN-35","Fuzhou","no",,,,,,
44230,"CN-0152","medium_airport","Huian Air Base",25.026100158691406,118.80699920654297,,"AS","CN","CN-35",,"no",,,,,,
44231,"CN-0153","medium_airport","Jianqiao/Hangzhou Airfield",30.33530044555664,120.24099731445312,,"AS","CN","CN-33","Hangzhou","no",,,,,,
44232,"CN-0154","medium_airport","Jiaxing Air Base",30.706640243530273,120.68061065673828,,"AS","CN","CN-33",,"no",,,,,,
44236,"CN-0158","medium_airport","Longtian/Lung-T'ien Air Base",25.572799682617188,119.45999908447266,,"AS","CN","CN-35",,"no",,,,,,
44237,"CN-0159","medium_airport","Longyou Air Base",29.113100051879883,119.177001953125,,"AS","CN","CN-33",,"no",,,,,,
44239,"CN-0161","medium_airport","Mahuiling Air Base",29.47719955444336,115.802001953125,,"AS","CN","CN-36",,"no",,,,,,
44240,"CN-0162","medium_airport","Nanchang New Airfield",28.63559913635254,115.93000030517578,,"AS","CN","CN-36","Nanchang","no",,,,,,
44241,"CN-0163","medium_airport","Nanchang Xiangtang Air Base",28.420799255371094,115.92400360107422,,"AS","CN","CN-36","Nanchang","no",,,,,,
44243,"CN-0165","medium_airport","Ningbo Zhangqiao Air Base",29.922800064086914,121.5739974975586,,"AS","CN","CN-33",,"no",,,,,,
44247,"CN-0169","medium_airport","Shanghai Dachang Air Base",31.32360076904297,121.41100311279297,,"AS","CN","CN-31","Shanghai","no",,,,,,
44249,"CN-0171","closed","Shanghai Longhua Airport",31.166901,121.454002,,"AS","CN","CN-31","Shanghai","no","ZSSL",,,,"http://en.wikipedia.org/wiki/Shanghai_Longhua_Airport",
44251,"CN-0173","closed","Shanghai Jiangwan Airfield",31.333000183099998,121.5,,"AS","CN","CN-31","Shanghai","no",,,,,,
44260,"CN-0182","medium_airport","Zhangshu Air Base",28.021699905395508,115.5510025024414,,"AS","CN","CN-36",,"no",,,,,,
44261,"CN-0183","small_airport","Zhangzhou/Chang-Chou Airfield",24.5625,117.65399932861328,,"AS","CN","CN-35",,"no",,,,,,
44263,"CN-0185","medium_airport","Changchun Air Base",43.90530014038086,125.197998046875,,"AS","CN","CN-22",,"no",,,,,,
44265,"CN-0187","medium_airport","Chifeng Air Base",42.15890121459961,118.84200286865234,,"AS","CN","CN-15",,"no",,,,,,
44267,"CN-0189","medium_airport","Dandong Airport",40.0247,124.286003,30,"AS","CN","CN-21","Dandong","yes","ZYDD","DDG",,"http://www.ddcei.gov.cn/english/index.html","http://en.wikipedia.org/wiki/Dandong_Airport",
44268,"CN-0190","medium_airport","Dingxin/Shuangchengzi Air Base",40.40140151977539,99.78939819335938,,"AS","CN","CN-62",,"no",,,,,,
44269,"CN-0191","medium_airport","Fuxin Air Base",42.07889938354492,121.66200256347656,,"AS","CN","CN-21",,"no",,,,,,
44270,"CN-0192","medium_airport","Gongzhuling Air Base",43.524200439453125,124.78600311279297,,"AS","CN","CN-22",,"no",,,,,,
44271,"CN-0193","medium_airport","Harbin Air Base",45.597499847399995,126.658996582,,"AS","CN","CN-23",,"no",,,,,,"Ping Fang Tien Air Base"
44272,"CN-0194","small_airport","Jinxi Air Base",40.74919891357422,120.87899780273438,,"AS","CN","CN-21","Jinxi","no",,,,,,
44273,"CN-0195","small_airport","Jinzhou North Airfield",41.1869010925293,121.1729965209961,,"AS","CN","CN-21","Jinzhou","no",,,,,,
44275,"CN-0197","medium_airport","Kaiyuan Air Base",42.52579879760742,123.98200225830078,,"AS","CN","CN-21",,"no",,,,,,
44276,"CN-0198","medium_airport","Lalin Air Base",45.2593994140625,126.8949966430664,,"AS","CN","CN-23",,"no",,,,,,
44279,"CN-0201","medium_airport","Pingquan Air Base",40.90079879760742,118.68099975585938,,"AS","CN","CN-13",,"no",,,,,,
44282,"CN-0204","medium_airport","Shenyang Beiling Air Base",41.87080001831055,123.43900299072266,,"AS","CN","CN-21","Shenyang","no",,,,,,
44284,"CN-0206","medium_airport","Shenyang Yu Hung Tun Air Base",41.8224983215332,123.29900360107422,,"AS","CN","CN-21","Shenyang","no",,,,,,
44285,"CN-0207","small_airport","Shuangcheng Air Base",45.407798767089844,126.31900024414062,,"AS","CN","CN-23",,"no",,,,,,
44286,"CN-0208","medium_airport","Siping Air Base",43.156898498535156,124.29199981689453,,"AS","CN","CN-22",,"no",,,,,,
44287,"CN-0209","medium_airport","Suizhong Air Base",40.29890060424805,120.35900115966797,,"AS","CN","CN-21",,"no",,,,,,
44288,"CN-0210","medium_airport","Tuchengzi Air Base",38.912200927734375,121.23899841308594,,"AS","CN","CN-21",,"no",,,,,,
44290,"CN-0212","closed","Yingchenzi/Xinzhaizi-Dalian Air Base",39.010601,121.389999,,"AS","CN","CN-21",,"no",,,,,,
43974,"CN-JNZ","medium_airport","Sanshilipu Air Base",39.28950119018555,121.76100158691406,,"AS","CN","CN-21","Dalian","no",,,,,,"Shilipu"
32048,"CN-NTG","small_airport","Nantong Airport",32.0708007812,120.975997925,16,"AS","CN","CN-32","Nantong","yes","ZSNT","NTG",,,"http://en.wikipedia.org/wiki/Nantong_Xingdong_Airport",
316519,"DBC","medium_airport","Chang'an Airport",45.5053,123.0198,480,"AS","CN","CN-22","Baicheng","no",,"DBC",,,"https://en.wikipedia.org/wiki/Baicheng_Chang%27an_Airport",
300323,"DQA","small_airport","Saertu Airport",46.7463888889,125.140555556,496,"AS","CN","CN-23","Daqing Shi","yes","ZYDQ","DQA",,,"http://en.wikipedia.org/wiki/Daqing_Sartu_Airport",
314559,"EJN","small_airport","Ejin Banner-Taolai Airport",42.0155,101.0005,3077,"AS","CN","CN-15","Ejin Banner","yes","ZBEN","EJN",,,"http://en.wikipedia.org/wiki/Ejin_Banner_Taolai_Airport",
319715,"GMQ","medium_airport","Golog Maqin Airport",34.418066,100.301144,12426,"AS","CN","CN-63","Golog","yes",,"GMQ",,,"https://en.wikipedia.org/wiki/Golog_Maqin_Airport",
300863,"HIA","medium_airport","Lianshui Airport",33.7908333333,119.125,28,"AS","CN","CN-32","Huai'an","no","ZSSH","HIA",,,"http://en.wikipedia.org/wiki/Huai'an_Lianshui_Airport",
319812,"HSJ","small_airport","Shangjie Airport",34.842153,113.273983,450,"AS","CN","CN-41","Zhengzhou","no",,"HSJ",,,,
301009,"JGD","medium_airport","Jiagedaqi Airport",50.375,124.116666667,1205,"AS","CN","CN-23","Jiagedaqi","no",,"JGD",,,"http://en.wikipedia.org/wiki/Jiagedaqi_Airport",
301010,"JIC","small_airport","Jinchuan Airport",38.542222222199996,102.348333333,4740,"AS","CN","CN-62","Jinchang","yes","ZLJC","JIC",,,"http://en.wikipedia.org/wiki/Jinchang_Jinchuan_Airport",
300865,"JIQ","medium_airport","Qianjiang Wulingshan Airport",29.5133333333,108.831111111,2075,"AS","CN","CN-50","Qianjiang","yes","ZUQJ","JIQ",,,"http://en.wikipedia.org/wiki/Qianjiang_Wulingshan_Airport","Zhoubai"
308641,"JUH","small_airport","Jiuhuashan Airport",30.7403,117.6856,60,"AS","CN","CN-34","Chizhou","yes","ZSJH","JUH",,,"http://en.wikipedia.org/wiki/Chizhou_Jiuhuashan_Airport",
318175,"LFQ","small_airport","Linfen Yaomiao Airport",36.043056,111.496667,,"AS","CN","CN-14","Linfen","no",,,,,,
300544,"NBS","medium_airport","Changbaishan Airport",42.066944,127.602222,2874,"AS","CN","CN-22","Baishan","yes","ZYBS","NBS",,,"http://en.wikipedia.org/wiki/Changbaishan_Airport",
316547,"NLH","medium_airport","Ninglang Luguhu Airport",27.5403,100.7593,10750,"AS","CN","CN-53","Ninglang","no",,"NLH",,,"https://en.wikipedia.org/wiki/Ninglang_Luguhu_Airport",
301194,"OHE","closed","[Duplicate] Gu-Lian Airport",52.913244,122.429056,1836,"AS","CN","CN-23","Mohe","yes","ZYMH","OHE",,,"http://en.wikipedia.org/wiki/Mohe_Gulian_Airport",
314557,"RHT","small_airport","Alxa Right Banner-Badanjilin Airport",39.2133,101.6442,4860,"AS","CN","CN-15","Badanjilin","yes",,"RHT",,,"http://en.wikipedia.org/wiki/Alxa_Right_Banner_Badanjilin_Airport",
316767,"SQD","small_airport","Sanqingshan Airport",28.3797,117.9643,340,"AS","CN","CN-36","Shangrao","no",,"SQD",,,"https://en.wikipedia.org/wiki/Shangrao_Sanqingshan_Airport",
316774,"SQJ","medium_airport","Shaxian Airport",26.4263,117.8336,830,"AS","CN","CN-35","Sanming","yes","ZSSM","SQJ",,,"https://en.wikipedia.org/wiki/Sanming_Shaxian_Airport",
322166,"YTY","medium_airport","Yangzhou Taizhou Airport",32.560184,119.717141,16,"AS","CN","CN-32",,"yes","ZSYA","YTY",,,"https://en.wikipedia.org/wiki/Yangzhou_Taizhou_Airport",
325171,"YYA","medium_airport","Sanhe Airport",29.314,113.278,230,"AS","CN","CN-43","Yueyang","no",,"YYA",,,"https://en.wikipedia.org/wiki/Yueyang_Sanhe_Airport",
27188,"ZBAA","large_airport","Beijing Capital International Airport",40.080101013183594,116.58499908447266,116,"AS","CN","CN-11","Beijing","yes","ZBAA","PEK",,"http://en.bcia.com.cn/","http://en.wikipedia.org/wiki/Beijing_Capital_International_Airport","BJS, Bejing, Peking, Olympics"
32006,"ZBBB","medium_airport","Beijing Xijiao Airport",39.9608,116.257004,,"AS","CN","CN-11","Beijing","no","ZBBB",,,,"https://en.wikipedia.org/wiki/Beijing_Xijiao_Airport","BJS, Beijing City Airport"
30829,"ZBCF","medium_airport","Chifeng Airport",42.23500061035156,118.90799713134766,,"AS","CN","CN-15","Chifeng","yes","ZBCF","CIF",,,"http://en.wikipedia.org/wiki/Chifeng_Airport",
30830,"ZBCZ","small_airport","Changzhi Airport",36.247501,113.125999,,"AS","CN","CN-14","Changzhi","yes","ZBCZ","CIH",,,"https://en.wikipedia.org/wiki/Changzhi_Wangcun_Airport",
318174,"ZBDH","medium_airport","Qinhuangdao Beidaihe Airport",39.666389,119.058889,46,"AS","CN","CN-13","Qinhuangdao","yes","ZBDH","BPE",,,"https://en.wikipedia.org/wiki/Qinhuangdao_Beidaihe_Airport",
300513,"ZBDS","medium_airport","Ordos Ejin Horo Airport",39.49,109.861388889,4557,"AS","CN","CN-15","Ordos","yes","ZBDS","DSN",,,"http://en.wikipedia.org/wiki/Ordos_Ejin_Horo_Airport",
30876,"ZBDT","small_airport","Datong Airport",40.060299,113.482002,3442,"AS","CN","CN-14","Datong","yes","ZBDT","DAT",,,"https://en.wikipedia.org/wiki/Datong_Yungang_Airport",
300671,"ZBER","medium_airport","Erenhot Saiwusu International Airport",43.4225,112.096667,3301,"AS","CN","CN-15","Erenhot","yes","ZBER","ERL",,,"http://en.wikipedia.org/wiki/Erenhot_Saiwusu_International_Airport","Saiwusu Airport"
315854,"ZBES","medium_airport","Arxan Yi'ershi Airport",47.3106,119.9117,2925,"AS","CN","CN-15","Arxan","yes","ZBES","YIE",,,"https://en.wikipedia.org/wiki/Arxan_Yi%27ershi_Airport",
300860,"ZBHD","medium_airport","Handan Airport",36.5258333333,114.425555556,229,"AS","CN","CN-42","Handan","yes","ZBHD","HDG",,,"http://en.wikipedia.org/wiki/Handan_Airport",
27189,"ZBHH","large_airport","Baita International Airport",40.851398,111.823997,3556,"AS","CN","CN-15","Hohhot","yes","ZBHH","HET",,"http://www.hhhtbtjc.com/","http://en.wikipedia.org/wiki/Hohhot_Baita_International_Airport",
27190,"ZBLA","medium_airport","Dongshan Airport",49.2050018311,119.824996948,2169,"AS","CN","CN-15","Hailar","yes","ZBLA","HLD",,,"http://en.wikipedia.org/wiki/Hailar_Dongshan_Airport",
323216,"ZBLF","medium_airport","Linfen Qiaoli Airport",36.132629,111.641236,1483,"AS","CN","CN-14","Linfen","yes","ZBLF","LFQ",,,"https://en.wikipedia.org/wiki/Linfen_Qiaoli_Airport",
322165,"ZBMZ","medium_airport","Manzhouli Xijiao Airport",49.566667,117.33,2231,"AS","CN","CN-15",,"yes","ZBMZ","NZH",,,"https://en.wikipedia.org/wiki/Manzhouli_Xijiao_Airport",
44093,"ZBNY","large_airport","Beijing Nanyuan Airport",39.782798767089844,116.38800048828125,,"AS","CN","CN-11","Beijing","yes","ZBNY","NAY",,,"http://en.wikipedia.org/wiki/Nanyuan_Airport",
30679,"ZBOW","medium_airport","Baotou Airport",40.560001373291016,109.99700164794922,3321,"AS","CN","CN-15","Baotou","yes","ZBOW","BAV",,,"http://en.wikipedia.org/wiki/Baotou_Airport",
32295,"ZBSH","closed","Shanhaiguan Airport",39.968102,119.731003,30,"AS","CN","CN-13","Qinhuangdao","no","ZBSH",,,,"http://en.wikipedia.org/wiki/Qinhuangdao_Shanhaiguan_Airport",
27191,"ZBSJ","medium_airport","Shijiazhuang Daguocun International Airport",38.28070068359375,114.6969985961914,233,"AS","CN","CN-13","Shijiazhuang","yes","ZBSJ","SJW",,,"http://en.wikipedia.org/wiki/Shijiazhuang_Daguocun_International_Airport","Zhengding"
27192,"ZBTJ","large_airport","Tianjin Binhai International Airport",39.124401092499994,117.346000671,10,"AS","CN","CN-12","Tianjin","yes","ZBTJ","TSN",,,"http://en.wikipedia.org/wiki/Tianjin_Binhai_International_Airport",
32440,"ZBTL","medium_airport","Tongliao Airport",43.556702,122.199997,2395,"AS","CN","CN-15","Tongliao","yes","ZBTL","TGO",,,"http://en.wikipedia.org/wiki/Tongliao_Airport",
308728,"ZBUH","small_airport","Wuhai Airport",39.7934,106.7993,3650,"AS","CN","CN-15","Wuhai","yes","ZBUH","WUA",,,"http://en.wikipedia.org/wiki/Wuhai_Airport","乌海机场"
35315,"ZBUL","small_airport","Ulanhot Airport",46.195333,122.008333,,"AS","CN","CN-15","Ulanhot","yes","ZBUL","HLH",,,"http://en.wikipedia.org/wiki/Ulanhot_Airport",
32700,"ZBXH","medium_airport","Xilinhot Airport",43.91559982299805,115.96399688720703,,"AS","CN","CN-15","Xilinhot","yes","ZBXH","XIL",,,"http://en.wikipedia.org/wiki/Xilinhot_Airport",
308722,"ZBXT","small_airport","Xingtai Dalian Airport",36.8831,114.4293,280,"AS","CN","CN-13","Xingtai","no","ZBXT","XNT",,,"http://en.wikipedia.org/wiki/Xingtai_Dalian_Airport","邢台褡裢机场"
323217,"ZBXZ","small_airport","Xinzhou Wutaishan Airport",38.597456,112.969173,2527,"AS","CN","CN-14","Xinzhou","yes","ZBXZ","WUT",,,,
300455,"ZBYC","small_airport","Yuncheng Guangong Airport",35.116391,111.031388889,1242,"AS","CN","CN-61","Yuncheng","yes","ZBYC","YCU",,,"http://en.wikipedia.org/wiki/Yuncheng_Guangong_Airport","Yuncheng Zhangxiao Airport"
27193,"ZBYN","large_airport","Taiyuan Wusu Airport",37.74689865112305,112.62799835205078,2575,"AS","CN","CN-14","Taiyuan","yes","ZBYN","TYN",,,"http://en.wikipedia.org/wiki/Taiyuan_Wusu_Airport",
314499,"ZBYZ","medium_airport","Bayannur Tianjitai Airport",40.926,107.7428,3400,"AS","CN","CN-15","Bavannur","yes","ZBYZ","RLK",,,"http://en.wikipedia.org/wiki/Bayannur_Tianjitai_Airport",
323666,"ZBZL","medium_airport","Chengjisihan Airport",47.865833,122.767503,928,"AS","CN","CN-15","Zhalantun","yes","ZBZL","NZL",,,"https://en.wikipedia.org/wiki/Zhalantun_Chengjisihan_Airport",
30708,"ZGBH","small_airport","Beihai Airport",21.5394,109.293999,,"AS","CN","CN-45","Beihai","yes","ZGBH","BHY",,,"https://en.wikipedia.org/wiki/Beihai_Fucheng_Airport",
30825,"ZGCD","medium_airport","Changde Airport",28.9188995361,111.63999939,128,"AS","CN","CN-43","Changde","yes","ZGCD","CGD",,,"http://en.wikipedia.org/wiki/Changde_Taohuayuan_Airport",
300890,"ZGCJ","medium_airport","Zhijiang Airport",27.4411111111,109.7,882,"AS","CN","CN-43","Huaihua","yes","ZGCJ","HJJ",,,"http://en.wikipedia.org/wiki/Zhijiang_Airport","Chihkiang Airfield"
30958,"ZGDY","small_airport","Dayong Airport",29.1028,110.443001,692,"AS","CN","CN-43","Dayong","yes","ZGDY","DYG",,,"https://en.wikipedia.org/wiki/Zhangjiajie_Hehua_Airport",
27194,"ZGGG","large_airport","Guangzhou Baiyun International Airport",23.39240074157715,113.29900360107422,50,"AS","CN","CN-44","Guangzhou","yes","ZGGG","CAN",,"http://www.baiyunairport.com/english/index.jsp","http://en.wikipedia.org/wiki/Guangzhou_Baiyun_International_Airport",
27195,"ZGHA","large_airport","Changsha Huanghua International Airport",28.189199447599997,113.220001221,217,"AS","CN","CN-43","Changsha","yes","ZGHA","CSX",,,"http://en.wikipedia.org/wiki/Changsha_Huanghua_International_Airport","长沙黄花国际机场"
318152,"ZGHC","medium_airport","Hechi Jinchengjiang Airport",24.805,107.6997,2221,"AS","CN","CN-45","Hechi","yes","ZGHC","HCJ",,,"https://en.wikipedia.org/wiki/Hechi_Jinchengjiang_Airport",
316764,"ZGHU","small_airport","Huayuan Airport",44.2421,85.8905,1700,"AS","CN","CN-65","Shihezi","yes","ZWHZ","SHF",,,"https://en.wikipedia.org/wiki/Shihezi_Huayuan_Airport",
31610,"ZGHY","small_airport","Hengyang Nanyue Airport",26.9053,112.627998,,"AS","CN","CN-43","Hengyang","yes","ZGHY","HNY",,,"https://en.wikipedia.org/wiki/Hengyang_Nanyue_Airport",
27196,"ZGKL","large_airport","Guilin Liangjiang International Airport",25.21809959411621,110.03900146484375,570,"AS","CN","CN-45","Guilin City","yes","ZGKL","KWL",,,"http://en.wikipedia.org/wiki/Guilin_Liangjiang_International_Airport",
308237,"ZGLD","small_airport","Luoding Sulong Airport.",22.711169,111.60134,190,"AS","CN","CN-44","Louding City","no","ZGLD",,,,"http://www.wiki86.com/view/4147987.htm",
308238,"ZGLG","medium_airport","Lingling Airport",26.338661,111.610043,340,"AS","CN","CN-43","Yongzhou","yes","ZGLG","LLF",,,"http://en.wikipedia.org/wiki/Yongzhou_Lingling_Airport",
35314,"ZGMX","small_airport","Meixian Airport",24.350000381469727,116.13300323486328,,"AS","CN","CN-44","Meixian","yes","ZGMX","MXZ",,,"http://en.wikipedia.org/wiki/Meixian_Airport",
27197,"ZGNN","large_airport","Nanning Wuxu Airport",22.608299255371094,108.1719970703125,421,"AS","CN","CN-45","Nanning","yes","ZGNN","NNG",,"http://www.nnairport.com/","http://en.wikipedia.org/wiki/Nanning_Wuxu_International_Airport","南宁吴圩机场, Nanning Wuxu Air Base"
32400,"ZGOW","medium_airport","Jieyang Chaoshan International Airport",23.552,116.5033,,"AS","CN","CN-44","Shantou","yes","ZGOW","SWA",,,"https://en.wikipedia.org/wiki/Jieyang_Chaoshan_International_Airport",
30593,"ZGSD","medium_airport","Zhuhai Jinwan Airport",22.006399,113.375999,23,"AS","CN","CN-44","Zhuhai","yes","ZGSD","ZUH",,,"https://en.wikipedia.org/wiki/Zhuhai_Jinwan_Airport",
27198,"ZGSZ","large_airport","Shenzhen Bao'an International Airport",22.639299392700195,113.81099700927734,13,"AS","CN","CN-44","Shenzhen","yes","ZGSZ","SZX",,"http://eng.szairport.com/","http://en.wikipedia.org/wiki/Shenzhen_Bao'an_International_Airport","Baoan, Huangtian Airport"
32685,"ZGWZ","small_airport","Wuzhou Changzhoudao Airport",23.456699,111.248001,89,"AS","CN","CN-45","Wuzhou","yes","ZGWZ","WUZ",,,"https://en.wikipedia.org/wiki/Wuzhou_Changzhoudao_Airport",
32701,"ZGXN","small_airport","Xingning Airport",24.1492,115.758003,,"AS","CN","CN-44","Xingning","no","ZGXN","XIN",,,"https://en.wikipedia.org/wiki/Xingning_Air_Base",
31874,"ZGZH","medium_airport","Liuzhou Bailian Airport",24.2075,109.390999,295,"AS","CN","CN-45","Liuzhou","yes","ZGZH","LZH",,,"https://en.wikipedia.org/wiki/Liuzhou_Bailian_Airport","Liujiang-Liuzhou Air Base"
32743,"ZGZJ","medium_airport","Zhanjiang Airport",21.214399,110.358002,125,"AS","CN","CN-44","Zhanjiang","yes","ZGZJ","ZHA",,,"http://en.wikipedia.org/wiki/Zhanjiang_Airport",
30670,"ZHAY","small_airport","Anyang Airport",36.1339,114.344002,,"AS","CN","CN-41","Anyang","no","ZHAY","AYN",,,"https://en.wikipedia.org/wiki/Anyang_Airport",
27199,"ZHCC","large_airport","Zhengzhou Xinzheng International Airport",34.519699096699995,113.841003418,495,"AS","CN","CN-41","Zhengzhou","yes","ZHCC","CGO",,,"http://en.wikipedia.org/wiki/Zhengzhou_Xinzheng_International_Airport","Xinzheng Airport"
31006,"ZHES","small_airport","Enshi Airport",30.3202991486,109.48500061,1605,"AS","CN","CN-42","Enshi","yes","ZHES","ENH",,,"http://en.wikipedia.org/wiki/Enshi_Xujiaping_Airport",
31818,"ZHGH","medium_airport","Guangzhou MR Air Base",32.389400482177734,111.69499969482422,,"AS","CN","CN-42","Guanghua","no","ZHGH","LHK",,,,
27200,"ZHHH","large_airport","Wuhan Tianhe International Airport",30.7838,114.208,113,"AS","CN","CN-42","Wuhan","yes","ZHHH","WUH",,"http://www.whairport.com/","http://en.wikipedia.org/wiki/Wuhan_Tianhe_International_Airport",
31870,"ZHLY","small_airport","Luoyang Airport",34.741100311299995,112.388000488,840,"AS","CN","CN-41","Luoyang","yes","ZHLY","LYA",,,"http://en.wikipedia.org/wiki/Luoyang_Beijiao_Airport",
32041,"ZHNY","small_airport","Nanyang Jiangying Airport",32.980801,112.614998,840,"AS","CN","CN-41","Nanyang","yes","ZHNY","NNY",,,"https://en.wikipedia.org/wiki/Nanyang_Jiangying_Airport",
319811,"ZHSN","medium_airport","Shennongjia Hongping Airport",31.626,110.34,8365,"AS","CN","CN-42","Shennongjia","yes","ZHSN","HPG",,,"https://en.wikipedia.org/wiki/Shennongjia_Hongping_Airport",
32296,"ZHSS","small_airport","Shashi Airport",30.324289,112.279861,112,"AS","CN","CN-42","Shashi","no","ZHSS","SHS",,,"https://en.wikipedia.org/wiki/Shashi_Airport",
318173,"ZHSY","medium_airport","Shiyan Wudangshan Airport",32.591667,110.907778,,"AS","CN","CN-42","Shiyan","yes","ZHSY","WDS",,,"https://en.wikipedia.org/wiki/Shiyan_Wudangshan_Airport",
32697,"ZHXF","small_airport","Xiangyang Liuji Airport",32.1506,112.291,,"AS","CN","CN-42","Xiangfan","yes","ZHXF","XFN",,,"https://en.wikipedia.org/wiki/Xiangyang_Liuji_Airport",
32723,"ZHYC","medium_airport","Yichang Sanxia Airport",30.55655,111.479988,673,"AS","CN","CN-42","Yichang","yes","ZHYC","YIH",,"http://www.sanxiaairport.com/","https://en.wikipedia.org/wiki/Yichang_Sanxia_Airport",
27201,"ZJHK","large_airport","Haikou Meilan International Airport",19.934900283813477,110.45899963378906,75,"AS","CN","CN-46","Haikou","yes","ZJHK","HAK",,,"http://en.wikipedia.org/wiki/Haikou_Meilan_International_Airport","ZGHK"
323220,"ZJQH","medium_airport","Qionghai Bo'ao Airport",19.13824,110.454775,30,"AS","CN","CN-46","Qionghai","yes","ZJQH","BAR",,,"https://en.wikipedia.org/wiki/Qionghai_Bo%27ao_Airport",
27202,"ZJSY","large_airport","Sanya Phoenix International Airport",18.302900314331055,109.41200256347656,92,"AS","CN","CN-46","Sanya","yes","ZJSY","SYX",,,"http://en.wikipedia.org/wiki/Sanya_Phoenix_International_Airport",
32745,"ZJYX","small_airport","Woody Island Airport",16.832799911499023,112.34400177001953,,"AS","CN","CN-46","Woody Island","no","ZJYX",,,,"http://en.wikipedia.org/wiki/Woody_Island%2C_South_China_Sea","VH84, Yongxing Dao Airport"
30632,"ZLAK","small_airport","Ankang Wulipu Airport",32.708099,108.931,860,"AS","CN","CN-61","Ankang","yes","ZLAK","AKA",,,"https://en.wikipedia.org/wiki/Ankang_Wulipu_Airport",
35311,"ZLAN","closed","Lanzhou City Airport",36.033333,103.86667,5040,"AS","CN","CN-62","Lanzhou","no","ZLAN",,,,,"LHW"
30929,"ZLDH","medium_airport","Dunhuang Airport",40.16109848022461,94.80919647216797,,"AS","CN","CN-62","Dunhuang","yes","ZLDH","DNH",,,"http://en.wikipedia.org/wiki/Dunhuang_Airport",
318171,"ZLDL","small_airport","Delingha Airport",37.125286,97.268658,9843,"AS","CN","CN-63","Delingha","yes","ZLDL","HXD",,,"https://en.wikipedia.org/wiki/Delingha_Airport",
35308,"ZLGM","medium_airport","Golmud Airport",36.4006,94.786102,9334,"AS","CN","CN-63","Golmud","yes","ZLGM","GOQ",,,"http://en.wikipedia.org/wiki/Golmud_Airport",
300741,"ZLGY","medium_airport","Guyuan Liupanshan Airport",36.0788888889,106.216944444,5696,"AS","CN","CN-64","Guyuan","no","ZLGY","GYU",,,"http://en.wikipedia.org/wiki/Guyuan_Liupanshan_Airport",
319417,"ZLHX","medium_airport","Huatugou Airport",38.201984,90.841495,2945,"AS","CN","CN-63","Mengnai","yes","ZLHX","HTT",,,"http://en.wikipedia.org/wiki/Huatugou_Airport",
31659,"ZLHZ","small_airport","Hanzhong Chenggu Airport",33.134136,107.206014,,"AS","CN","CN-61","Hanzhong","yes","ZLHZ","HZG",,,"https://en.wikipedia.org/wiki/Hanzhong_Chenggu_Airport",
31677,"ZLIC","medium_airport","Yinchuan Airport",38.481899,106.009003,,"AS","CN","CN-64","Yinchuan","yes","ZLIC","INC",,,"https://en.wikipedia.org/wiki/Yinchuan_Hedong_International_Airport","Xincheng Air Base"
300515,"ZLJN","medium_airport","Jining Qufu Airport",35.292778,116.346667,134,"AS","CN","CN-37","Jining","yes","ZSJG","JNG",,,"http://en.wikipedia.org/wiki/Jining_Qufu_Airport",
31699,"ZLJQ","medium_airport","Jiayuguan Airport",39.856899,98.3414,5112,"AS","CN","CN-62","Jiayuguan","yes","ZLJQ","JGN",,,"http://en.wikipedia.org/wiki/Jiayuguan_Airport",
27204,"ZLLL","medium_airport","Lanzhou Zhongchuan Airport",36.5152015686,103.620002747,6388,"AS","CN","CN-62","Lanzhou","yes","ZLLL","LHW",,,"http://en.wikipedia.org/wiki/Lanzhou_Airport","ZGC, Datong Air Base"
323883,"ZLPC","small_airport","Pucheng Neifu Airport",34.833345,109.544267,,"AS","CN","CN-61","Pucheng","no","ZLPC",,,,,
31685,"ZLQY","medium_airport","Qingyang Airport",35.799702,107.602997,,"AS","CN","CN-62","Qingyang","yes","ZLQY","IQN",,,"https://en.wikipedia.org/wiki/Qingyang_Airport","Dingxi Air Base"
32299,"ZLSN","medium_airport","Xi'an Xiguan Airport",34.376701,109.120003,,"AS","CN","CN-61","Xi'an","no","ZLSN","SIA",,,"https://en.wikipedia.org/wiki/Xi%27an_Xiguan_Airport","Lintong Air Base"
312986,"ZLXH","medium_airport","Gannan Xiahe Airport",34.8105,102.6447,10510,"AS","CN","CN-62","Xiahe","yes","ZLXH","GXH",,,"http://en.wikipedia.org/wiki/Gannan_Xiahe_Airport","Hezuo"
32709,"ZLXN","medium_airport","Xining Caojiabu Airport",36.5275,102.042999,7119,"AS","CN","CN-63","Xining","yes","ZLXN","XNN",,,"http://en.wikipedia.org/wiki/Xining_Caojiabu_Airport",
27205,"ZLXY","large_airport","Xi'an Xianyang International Airport",34.447102,108.751999,1572,"AS","CN","CN-61","Xi'an","yes","ZLXY","XIY",,"http://www.xxia.com/","http://en.wikipedia.org/wiki/Xi'an_Xianyang_International_Airport","西安咸阳国际机场, Xian"
31009,"ZLYA","small_airport","Yan'an Ershilipu Airport",36.636902,109.554001,3100,"AS","CN","CN-61","Yan'an","yes","ZLYA","ENY",,,"https://en.wikipedia.org/wiki/Yan%27an_Ershilipu_Airport",
32563,"ZLYL","small_airport","Yulin Yuyang Airport",38.35971,109.590927,,"AS","CN","CN-61","Yulin","yes","ZLYL","UYN",,,"https://en.wikipedia.org/wiki/Yulin_Yuyang_Airport",
308462,"ZLZW","medium_airport","Zhongwei Shapotou Airport",37.573125,105.154454,8202,"AS","CN","CN-64","Zhongwei","yes","ZLZW","ZHY",,,"http://en.wikipedia.org/wiki/Zhongwei_Shapotou_Airport",
30925,"ZPDL","medium_airport","Dali Airport",25.649401,100.319,7050,"AS","CN","CN-53","Xiaguan","yes","ZPDL","DLU",,,"http://en.wikipedia.org/wiki/Dali_Airport","Dali Air Base"
30916,"ZPDQ","medium_airport","Diqing Airport",27.7936,99.6772,10761,"AS","CN","CN-53","Shangri-La","yes","ZPDQ","DIG",,,"http://en.wikipedia.org/wiki/Diqing_Airport",
27213,"ZPJH","medium_airport","Xishuangbanna Gasa Airport",21.973899841308594,100.76000213623047,1815,"AS","CN","CN-53","Jinghong","yes","ZPJH","JHG",,,"http://en.wikipedia.org/wiki/Xishuangbanna_Gasa_Airport",
31828,"ZPLJ","medium_airport","Lijiang Airport",26.6800003052,100.246002197,,"AS","CN","CN-53","Lijiang","yes","ZPLJ","LJG",,,"http://en.wikipedia.org/wiki/Lijiang_Sanyi_Airport","Yunlong Air Base"
31862,"ZPLX","medium_airport","Mangshi Airport",24.4011,98.5317,2890,"AS","CN","CN-53","Luxi","yes","ZPMS","LUM",,,,
27214,"ZPPP","large_airport","Kunming Changshui International Airport",25.1019444,102.9291667,6903,"AS","CN","CN-53","Kunming","yes","ZPPP","KMG",,,"https://en.wikipedia.org/wiki/Kunming_Changshui_International_Airport",
32417,"ZPSM","small_airport","Pu'er Simao Airport",22.793301,100.959,,"AS","CN","CN-53","Pu'er","yes","ZPSM","SYM",,,"https://en.wikipedia.org/wiki/Pu%27er_Simao_Airport",
318119,"ZPWS","small_airport","Wenshan Puzhehei Airport",23.5583,104.3255,5217,"AS","CN","CN-53","Wenshan","yes","ZPWS","WNH",,,"https://en.wikipedia.org/wiki/Wenshan_Puzhehei_Airport",
32740,"ZPZT","small_airport","Zhaotong Airport",27.325599670410156,103.75499725341797,,"AS","CN","CN-53","Zhaotong","yes","ZPZT","ZAT",,,"http://en.wikipedia.org/wiki/Zhaotong_Airport",
27215,"ZSAM","large_airport","Xiamen Gaoqi International Airport",24.54400062561035,118.12799835205078,59,"AS","CN","CN-35","Xiamen","yes","ZSAM","XMN",,"http://www.xiagc.com.cn/enweb/","http://en.wikipedia.org/wiki/Xiamen_Gaoqi_International_Airport","厦门高崎国际机场"
30650,"ZSAQ","medium_airport","Anqing Tianzhushan Airport",30.582199,117.050003,,"AS","CN","CN-34","Anqing","yes","ZSAQ","AQG",,,"https://en.wikipedia.org/wiki/Anqing_Tianzhushan_Airport","Anqing Air Base"
301883,"ZSBB","medium_airport","Bengbu Airport",32.8477333333,117.320244444,100,"AS","CN","CN-34","Bengbu","no","ZSBB","BFU",,,"http://en.wikipedia.org/wiki/Bengbu_Airport",
30871,"ZSCG","small_airport","Changzhou Benniu Airport",31.919701,119.778999,,"AS","CN","CN-32","Changzhou","yes","ZSCG","CZX",,,"https://en.wikipedia.org/wiki/Changzhou_Benniu_Airport",
27216,"ZSCN","medium_airport","Nanchang Changbei International Airport",28.864999771118164,115.9000015258789,143,"AS","CN","CN-36","Nanchang","yes","ZSCN","KHN",,,"http://en.wikipedia.org/wiki/Nanchang_Changbei_International_Airport",
308240,"ZSFY","medium_airport","Fuyang Xiguan Airport",32.882157,115.734364,104,"AS","CN","CN-U-A","Fuyang","yes","ZSFY","FUG",,,"http://en.wikipedia.org/wiki/Fuyang_Xiguan_Airport",
27217,"ZSFZ","large_airport","Fuzhou Changle International Airport",25.935100555419922,119.66300201416016,46,"AS","CN","CN-35","Fuzhou","yes","ZSFZ","FOC",,"http://www.xiafz.com.cn/en/index.asp","http://en.wikipedia.org/wiki/Fuzhou_Changle_International_Airport",
31769,"ZSGZ","small_airport","Ganzhou Airport",25.853333,114.778889,387,"AS","CN","CN-36","Ganzhou","yes","ZSGZ","KOW",,,"http://en.wikipedia.org/wiki/Ganzhou_Huangjin_Airport",
27218,"ZSHC","large_airport","Hangzhou Xiaoshan International Airport",30.22949981689453,120.43399810791016,23,"AS","CN","CN-33","Hangzhou","yes","ZSHC","HGH",,"http://www.hzairport.com/","http://en.wikipedia.org/wiki/Hangzhou_Xiaoshan_International_Airport","Hang Zhou, 杭州萧山国际机场"
31695,"ZSJD","medium_airport","Jingdezhen Airport",29.3386001587,117.176002502,112,"AS","CN","CN-36","Jingdezhen","yes","ZSJD","JDZ",,,"http://en.wikipedia.org/wiki/Jingdezhen_Luojia_Airport","Fouliang Air Base"
35309,"ZSJJ","small_airport","Jiujiang Lushan Airport",29.476944,115.801111,,"AS","CN","CN-36","Jiujiang","yes","ZSJJ","JIU",,,"http://en.wikipedia.org/wiki/Jiujiang_Lushan_Airport",
27219,"ZSJN","large_airport","Yaoqiang Airport",36.857200622558594,117.21600341796875,76,"AS","CN","CN-37","Jinan","yes","ZSJN","TNA",,,"http://en.wikipedia.org/wiki/Jinan_Yaoqiang_Airport",
31714,"ZSJU","medium_airport","Quzhou Airport",28.965799,118.899002,,"AS","CN","CN-33","Quzhou","yes","ZSJU","JUZ",,,"https://en.wikipedia.org/wiki/Quzhou_Airport",
44234,"ZSLD","medium_airport","Longyan Guanzhishan Airport",25.6746997833,116.747001648,1225,"AS","CN","CN-35","Longyan","yes","ZSLD","LCX",,,"http://en.wikipedia.org/wiki/Longyan_Guanzhishan_Airport","ZBSZ, Liancheng Air Base"
35312,"ZSLG","small_airport","Lianyungang Airport",34.571667,118.873611,,"AS","CN","CN-32","Lianyungang","yes","ZSLG","LYG",,,"http://en.wikipedia.org/wiki/Lianyungang_Airport",
31658,"ZSLQ","medium_airport","Huangyan Luqiao Airport",28.56220054626465,121.42900085449219,,"AS","CN","CN-33","Huangyan","yes","ZSLQ","HYN",,,"http://en.wikipedia.org/wiki/Huangyan_Luqiao_Airport",
31871,"ZSLY","small_airport","Shubuling Airport",35.04610061645508,118.41200256347656,,"AS","CN","CN-37","Linyi","yes","ZSLY","LYI",,,"http://en.wikipedia.org/wiki/Linyi_Airport",
27220,"ZSNB","large_airport","Ningbo Lishe International Airport",29.82670021057129,121.46199798583984,13,"AS","CN","CN-33","Ningbo","yes","ZSNB","NGB",,,"http://en.wikipedia.org/wiki/Ningbo_Lishe_International_Airport",
27221,"ZSNJ","large_airport","Nanjing Lukou Airport",31.742000579833984,118.86199951171875,49,"AS","CN","CN-32","Nanjing","yes","ZSNJ","NKG",,,"http://en.wikipedia.org/wiki/Nanjing_Lukou_International_Airport",
27222,"ZSOF","medium_airport","Hefei Luogang International Airport",31.780000686645508,117.2979965209961,108,"AS","CN","CN-34","Hefei","yes","ZSOF","HFE",,,"http://en.wikipedia.org/wiki/Hefei_Luogang_International_Airport",
27223,"ZSPD","large_airport","Shanghai Pudong International Airport",31.143400192260742,121.80500030517578,13,"AS","CN","CN-31","Shanghai","yes","ZSPD","PVG",,,"http://en.wikipedia.org/wiki/Shanghai_Pudong_International_Airport",
27224,"ZSQD","medium_airport","Liuting Airport",36.2661018372,120.374000549,33,"AS","CN","CN-37","Qingdao","yes","ZSQD","TAO",,,"http://en.wikipedia.org/wiki/Qingdao_Liuting_International_Airport",
31705,"ZSQZ","medium_airport","Quanzhou Jinjiang International Airport",24.7964,118.589996,,"AS","CN","CN-35","Quanzhou","yes","ZSQZ","JJN",,,"https://en.wikipedia.org/wiki/Quanzhou_Jinjiang_International_Airport","Jinjiang Air Base, Chin Chiang, Qingyang"
32235,"ZSRG","medium_airport","Rugao Air Base",32.25788497924805,120.50165557861328,,"AS","CN","CN-32","Rugao","no","ZSRG","RUG",,,,
323218,"ZSRZ","medium_airport","Rizhao Shanzihe Airport",35.405033,119.324403,121,"AS","CN","CN-37","Rizhao","yes","ZSRZ","RIZ",,"http://www.rzairport.com.cn/","https://en.wikipedia.org/wiki/Rizhao_Shanzihe_Airport",
27225,"ZSSS","large_airport","Shanghai Hongqiao International Airport",31.197900772094727,121.33599853515625,10,"AS","CN","CN-31","Shanghai","yes","ZSSS","SHA",,,"http://en.wikipedia.org/wiki/Shanghai_Hongqiao_International_Airport",
32420,"ZSSZ","medium_airport","Suzhou Guangfu Airport",31.2631,120.401001,,"AS","CN","CN-32","Suzhou","no","ZSSZ","SZV",,,"https://en.wikipedia.org/wiki/Suzhou_Guangfu_Airport",
32489,"ZSTX","medium_airport","Tunxi International Airport",29.733299255371094,118.25599670410156,,"AS","CN","CN-34","Huangshan","yes","ZSTX","TXN",,,"http://en.wikipedia.org/wiki/Huangshan_Tunxi_International_Airport",
32646,"ZSWF","medium_airport","Weifang Airport",36.646702,119.119003,,"AS","CN","CN-37","Weifang","yes","ZSWF","WEF",,,"https://en.wikipedia.org/wiki/Weifang_Airport",
27226,"ZSWH","medium_airport","Weihai Airport",37.18709945678711,122.22899627685547,145,"AS","CN","CN-37","Weihai","yes","ZSWH","WEH",,,"http://en.wikipedia.org/wiki/Weihai_Airport","Dashuipo, Yancheng Air Base"
32649,"ZSWU","medium_airport","Wuhu Air Base",31.3906,118.408997,,"AS","CN","CN-34","Wuhu","no","ZSWU","WHU",,,"https://en.wikipedia.org/wiki/Wuhu_Airport",
32684,"ZSWX","medium_airport","Sunan Shuofang International Airport",31.494400024399997,120.429000854,24,"AS","CN","CN-32","Wuxi","yes","ZSWX","WUX",,,"http://en.wikipedia.org/wiki/Wuxi_Shuofang_Airport","Wuxi Airport"
32683,"ZSWY","medium_airport","Nanping Wuyishan Airport",27.7019,118.000999,614,"AS","CN","CN-35","Wuyishan","yes","ZSWY","WUS",,,"https://en.wikipedia.org/wiki/Wuyishan_Airport",
32672,"ZSWZ","large_airport","Wenzhou Yongqiang Airport",27.912200927734375,120.85199737548828,,"AS","CN","CN-33","Wenzhou","yes","ZSWZ","WNZ",,,"http://en.wikipedia.org/wiki/Wenzhou_International_Airport","温州永强机场"
32713,"ZSXZ","medium_airport","Xuzhou Guanyin Airport",34.059056,117.555278,,"AS","CN","CN-32","Xuzhou","yes","ZSXZ","XUZ",,,"http://en.wikipedia.org/wiki/Xuzhou_Guanyin_Airport",
317774,"ZSYA","medium_airport","Yangzhou Taizhou Airport",32.5634,119.7198,7,"AS","CN","CN-32","Yangzhou and Taizhou","yes","ZSYA","YTY",,"http://www.yztzairport.net/","https://en.wikipedia.org/wiki/Yangzhou_Taizhou_Airport","Yangtai Airport"
315853,"ZSYC","medium_airport","Yichun Mingyueshan Airport",27.8025,114.3062,430,"AS","CN","CN-36","Yichun","yes","ZSYC","YIC",,,"https://en.wikipedia.org/wiki/Yichun_Mingyueshan_Airport",
35316,"ZSYN","small_airport","Yancheng Airport",33.425833,120.203056,,"AS","CN","CN-32","Yancheng","yes","ZSYN","YNZ",,,"http://en.wikipedia.org/wiki/Yancheng_Airport",
27227,"ZSYT","medium_airport","Yantai Laishan Airport",37.40169906616211,121.37200164794922,59,"AS","CN","CN-37","Yantai","yes","ZSYT","YNT",,,"http://en.wikipedia.org/wiki/Yantai_Laishan_International_Airport",
32726,"ZSYW","medium_airport","Yiwu Airport",29.3446998596,120.031997681,262,"AS","CN","CN-33","Yiwu","yes","ZSYW","YIW",,,"http://en.wikipedia.org/wiki/Yiwu_Airport",
31624,"ZSZS","small_airport","Zhoushan Airport",29.9342002869,122.361999512,3,"AS","CN","CN-33","Zhoushan","yes","ZSZS","HSN",,,"http://en.wikipedia.org/wiki/Zhoushan_Putuoshan_Airport",
300545,"ZUAL","medium_airport","Ngari Gunsa Airport",32.1,80.0530555556,14022,"AS","CN","CN-54","Shiquanhe","no","ZUAL","NGQ",,,"http://en.wikipedia.org/wiki/Ngari_Gunsa_Airport","Ali Airport"
300785,"ZUAS","medium_airport","Anshun Huangguoshu Airport",26.2605555556,105.873333333,4812,"AS","CN","CN-U-A","Anshun","no","ZUAS","AVA",,,"http://en.wikipedia.org/wiki/Anshun_Huangguoshu_Airport",
30788,"ZUBD","medium_airport","Qamdo Bangda Airport",30.553600311279297,97.1082992553711,14219,"AS","CN","CN-54","Bangda","yes","ZUBD","BPX",,,"http://en.wikipedia.org/wiki/Bangda_Airport",
318169,"ZUBJ","medium_airport","Bijie Feixiong Airport",27.267066,105.472097,4751,"AS","CN","CN-52","Bijie","yes","ZUBJ","BFJ",,,"https://en.wikipedia.org/wiki/Bijie_Feixiong_Airport",
27228,"ZUCK","large_airport","Chongqing Jiangbei International Airport",29.719200134277344,106.64199829101562,1365,"AS","CN","CN-50","Chongqing","yes","ZUCK","CKG",,,"http://en.wikipedia.org/wiki/Chongqing_Jiangbei_International_Airport",
35307,"ZUDX","small_airport","Dachuan Airport",31.1302,107.4295,,"AS","CN","CN-51","Dazhou","yes","ZUDX","DAX",,,"http://en.wikipedia.org/wiki/Daxian_Airport","Daxian"
308739,"ZUGH","small_airport","Guanghan Airport",30.9485,104.3296,1531,"AS","CN","CN-51","Civil Aviation Flight University of China","no","ZUGH","GHN",,,"https://en.wikipedia.org/wiki/Guanghan_Airport",
31562,"ZUGU","medium_airport","Guangyuan Airport",32.3911018371582,105.7020034790039,,"AS","CN","CN-51","Guangyuan","yes","ZUGU","GYS",,,"http://en.wikipedia.org/wiki/Guangyuan_Airport",
27229,"ZUGY","large_airport","Longdongbao Airport",26.53849983215332,106.8010025024414,3736,"AS","CN","CN-52","Guiyang","yes","ZUGY","KWE",,,"http://en.wikipedia.org/wiki/Guiyang_Longdongbao_Airport","Kaiyang Guiyang Air Base, Guiyang Air Base"
300512,"ZUJZ","medium_airport","Jiuzhai Huanglong Airport",32.8533333333,103.682222222,11327,"AS","CN","CN-51","Jiuzhaigou","yes","ZUJZ","JZH",,,"http://en.wikipedia.org/wiki/Jiuzhai_Huanglong_Airport",
313427,"ZUKJ","medium_airport","Kaili Airport",26.972,107.988,3115,"AS","CN","CN-52","Huangping","yes","ZUKJ","KJH",,,"http://en.wikipedia.org/wiki/Kaili_Huangping_Airport",
31819,"ZULP","small_airport","Liangping Airport",30.679399,107.786003,,"AS","CN","CN-50","Liangping","no","ZULP","LIA",,,"https://en.wikipedia.org/wiki/Liangping_Airport",
31867,"ZULS","medium_airport","Lhasa Gonggar Airport",29.2978000641,90.91190338130001,11713,"AS","CN","CN-54","Lhasa","yes","ZULS","LXA",,,"http://en.wikipedia.org/wiki/Lhasa_Gonggar_Airport",
35313,"ZULZ","small_airport","Luzhou Airport",28.85219955444336,105.39299774169922,,"AS","CN","CN-51","Luzhou","yes","ZULZ","LZO",,,"http://en.wikipedia.org/wiki/Luzhou_Airport",
31908,"ZUMY","medium_airport","Mianyang Airport",31.4281005859375,104.74099731445312,,"AS","CN","CN-51","Mianyang","yes","ZUMY","MIG",,,"http://en.wikipedia.org/wiki/Mianyang_Airport",
32003,"ZUNC","small_airport","Nanchong Airport",30.79545,106.1626,,"AS","CN","CN-51","Nanchong","yes","ZUNC","NAO",,,"http://en.wikipedia.org/wiki/Nanchong_Airport",
308782,"ZUNP","medium_airport","Liping Airport",26.32217,109.1499,1620,"AS","CN","CN-52","Liping","yes","ZUNP","HZH",,,"http://en.wikipedia.org/wiki/Liping_Airport",
31876,"ZUNZ","medium_airport","Nyingchi Airport",29.303300857543945,94.33529663085938,9675,"AS","CN","CN-54","Nyingchi","yes","ZUNZ","LZY",,,"http://en.wikipedia.org/wiki/Nyingchi_Airport","Linzhi, Kang Ko"
323880,"ZUSN","small_airport","Suining Airport",30.471295,105.610925,,"AS","CN","CN-51","Suining","no","ZUSN",,,,,
300514,"ZUTC","medium_airport","Tengchong Tuofeng Airport",24.9380555556,98.48583333330001,6250,"AS","CN","CN-53","Tengchong","yes","ZUTC","TCZ",,,"http://en.wikipedia.org/wiki/Tengchong_Tuofeng_Airport",
302314,"ZUTR","small_airport","Tongren Fenghuang Airport",27.883333,109.308889,,"AS","CN","CN-52",,"no","ZUTR","TEN",,,"http://en.wikipedia.org/wiki/Tongren_Fenghuang_Airport",
27230,"ZUUU","large_airport","Chengdu Shuangliu International Airport",30.578500747680664,103.9469985961914,1625,"AS","CN","CN-51","Chengdu","yes","ZUUU","CTU",,"http://www.cdairport.com/cdairport/en_front/index.jsp","http://en.wikipedia.org/wiki/Chengdu_Shuangliu_International_Airport","成都双流国际机场"
32688,"ZUWX","small_airport","Wanxian Airport",30.8017,108.433,,"AS","CN","CN-50","Wanxian","yes","ZUWX","WXN",,,"http://en.wikipedia.org/wiki/Wanzhou_Airport",
27231,"ZUXC","medium_airport","Xichang Qingshan Airport",27.989099502563477,102.18399810791016,5112,"AS","CN","CN-51","Xichang","yes","ZUXC","XIC",,,"http://en.wikipedia.org/wiki/Xichang_Qingshan_Airport",
300456,"ZUYB","small_airport","Yibin Caiba Airport",28.8005555556,104.545,924,"AS","CN","CN-51","Yibin","no","ZUYB","YBP",,,"http://en.wikipedia.org/wiki/Yibin_Caiba_Airport",
301647,"ZUYI","medium_airport","Xingyi Airport",25.0863888889,104.959444444,4150,"AS","CN","CN-52","Xingyi","yes","ZUYI","ACX",,,"http://en.wikipedia.org/wiki/Xingyi_Airport",
308403,"ZUZY","medium_airport","Zunyi Xinzhou Airport",27.5895,107.0007,2920,"AS","CN","CN-52","Zunyi","yes","ZUZY","ZYI",,,"http://en.wikipedia.org/wiki/Zunyi_Xinzhou_Airport",
30635,"ZWAK","medium_airport","Aksu Airport",41.262501,80.291702,3816,"AS","CN","CN-65","Aksu","yes","ZWAK","AKU",,,"http://en.wikipedia.org/wiki/Aksu_Airport","Ak-su, Akshu, Aqsu, Bharuka, Po-lu-chia, Aksu Wensu Air Base"
46650,"ZWAX","medium_airport","Alashankou Bole (Bortala) airport",44.895,82.3,1253,"AS","CN","CN-65","Bole","no","ZWBL","BPL",,,"http://en.wikipedia.org/wiki/Bole_Alashankou_Airport",
31684,"ZWCM","medium_airport","Qiemo Airport",38.14939880371094,85.53279876708984,4108,"AS","CN","CN-65","Qiemo","yes","ZWCM","IQM",,,"http://en.wikipedia.org/wiki/Qiemo_Airport","Cherchen, Qarqan"
323219,"ZWFY","medium_airport","Fuyun Koktokay Airport",46.804169,89.512006,3081,"AS","CN","CN-65","Fuyun","yes","ZWFY","FYN",,,"https://en.wikipedia.org/wiki/Fuyun_Koktokay_Airport",
31609,"ZWHM","medium_airport","Hami Airport",42.8414,93.669197,2703,"AS","CN","CN-65","Hami","yes","ZWHM","HMI",,,"http://en.wikipedia.org/wiki/Hami_Airport","Kumul, Qumul"
31731,"ZWKC","small_airport","Kuqa Airport",41.677856,82.872917,3524,"AS","CN","CN-65","Kuqa","yes","ZWKC","KCA",,,"http://en.wikipedia.org/wiki/Kuqa_Airport","Kucha"
31771,"ZWKL","medium_airport","Korla Airport",41.69779968261719,86.12889862060547,,"AS","CN","CN-65","Korla","yes","ZWKL","KRL",,,"http://en.wikipedia.org/wiki/Korla_Airport",
35310,"ZWKM","small_airport","Karamay Airport",45.46655,84.9527,,"AS","CN","CN-65","Karamay","yes","ZWKM","KRY",,,"http://en.wikipedia.org/wiki/Karamay_Airport",
313426,"ZWKN","medium_airport","Kanas Airport",48.2223,86.9959,3921,"AS","CN","CN-65","Burqin","yes","ZWKN","KJI",,,"http://en.wikipedia.org/wiki/Kanas_Airport",
316548,"ZWNL","medium_airport","Xinyuan Nalati Airport",43.4318,83.3786,3050,"AS","CN","CN-65","Xinyuan County","no","ZWNL","NLT",,,"https://en.wikipedia.org/wiki/Xinyuan_Nalati_Airport",
27234,"ZWSH","medium_airport","Kashgar Airport",39.5429000854,76.0199966431,4529,"AS","CN","CN-65","Kashgar","yes","ZWSH","KHG",,,"http://en.wikipedia.org/wiki/Kashgar_Airport","Kashi Airport"
32406,"ZWSS","medium_airport","Shanshan Airport",42.91170120239258,90.24749755859375,,"AS","CN","CN-65","Shanshan","no","ZWSS","SXJ",,,,
28144,"ZWTC","small_airport","Tacheng Airport",46.67250061035156,83.3407974243164,,"AS","CN","CN-65","Tacheng","no","ZWTC","TCG",,,"http://en.wikipedia.org/wiki/Tacheng_Airport",
27235,"ZWTN","medium_airport","Hotan Airport",37.03850173950195,79.86489868164062,4672,"AS","CN","CN-65","Hotan","yes","ZWTN","HTN",,,"http://en.wikipedia.org/wiki/Hotan_Airport","Khotan, Heitan Air Base"
314799,"ZWTP","medium_airport","Turpan Jiaohe Airport",43.0308,89.0987,934,"AS","CN","CN-65","Turpan","no","ZWTP","TLQ",,,"https://en.wikipedia.org/wiki/Turpan_Jiaohe_Airport",
27236,"ZWWW","large_airport","Ürümqi Diwopu International Airport",43.907100677490234,87.47419738769531,2125,"AS","CN","CN-65","Ürümqi","yes","ZWWW","URC",,,"http://en.wikipedia.org/wiki/%C3%9Cr%C3%BCmqi_Diwopu_International_Airport",
32725,"ZWYN","small_airport","Yining Airport",43.955799,81.330299,,"AS","CN","CN-65","Yining","yes","ZWYN","YIN",,,"https://en.wikipedia.org/wiki/Yining_Airport",
30646,"ZYAS","medium_airport","Anshan Air Base",41.105301,122.853996,,"AS","CN","CN-21","Anshan","yes","ZYAS","AOG",,,"https://en.wikipedia.org/wiki/Anshan_Teng%27ao_Airport",
27237,"ZYCC","medium_airport","Longjia Airport",43.9962005615,125.684997559,706,"AS","CN","CN-22","Changchun","yes","ZYCC","CGQ",,,"http://en.wikipedia.org/wiki/Changchun_Longjia_International_Airport",
300858,"ZYCH","medium_airport","Changhai Airport",39.2666666667,122.666944444,80,"AS","CN","CN-21","Changhai","no","ZYCH","CNI",,,"http://en.wikipedia.org/wiki/Changhai_Airport",
30827,"ZYCY","medium_airport","Chaoyang Airport",41.538101,120.434998,568,"AS","CN","CN-21","Chaoyang","yes","ZYCY","CHG",,,"https://en.wikipedia.org/wiki/Chaoyang_Airport",
324338,"ZYFX","small_airport","Fuxin Airport",42.069014,121.718122,548,"AS","CN","CN-21","Fuxin","no","ZYFX",,,,,
313994,"ZYFY","medium_airport","Dongji Aiport",48.199494,134.366447,,"AS","CN","CN-23","Fuyuan","yes","ZYFY","FYJ",,,"https://en.wikipedia.org/wiki/Fuyuan_Dongji_Airport",
27238,"ZYHB","large_airport","Taiping Airport",45.6234016418457,126.25,457,"AS","CN","CN-23","Harbin","yes","ZYHB","HRB",,,"http://en.wikipedia.org/wiki/Harbin_Taiping_International_Airport",
31576,"ZYHE","medium_airport","Heihe Airport",50.1716209371,127.308883667,8530,"AS","CN","CN-23","Heihe","yes","ZYHE","HEK",,,"http://en.wikipedia.org/wiki/Heihe_Airport",
31701,"ZYJL","small_airport","Jilin Airport",44.002201,126.396004,,"AS","CN","CN-22","Jilin","no","ZYJL","JIL",,,"https://en.wikipedia.org/wiki/Jilin_Ertaizi_Airport",
27239,"ZYJM","medium_airport","Jiamusi Airport",46.84339904789999,130.464996338,262,"AS","CN","CN-23","Jiamusi","yes","ZYJM","JMU",,,"http://en.wikipedia.org/wiki/Jiamusi_Airport",
313337,"ZYJX","medium_airport","Jixi Xingkaihu Airport",45.293,131.193,760,"AS","CN","CN-23","Jixi","yes","ZYJX","JXA",,,"http://en.wikipedia.org/wiki/Jixi_Xingkaihu_Airport",
31706,"ZYJZ","medium_airport","Jinzhou Airport",41.10139846801758,121.06199645996094,,"AS","CN","CN-21","Jinzhou","yes","ZYJZ","JNZ",,,"http://en.wikipedia.org/wiki/Jinzhou_Airport","Xiaolingzi Air Base"
307012,"ZYLD","medium_airport","Lindu Airport",47.7520555556,129.019125,791,"AS","CN","CN-23","Yichun","yes","ZYLD","LDS",,,"http://en.wikipedia.org/wiki/Yichun_Lindu_Airport","Yichun Shi Airport"
300516,"ZYLS","medium_airport","Yushu Batang Airport",32.836388888900004,97.0363888889,12816,"AS","CN","CN-63","Yushu","no","ZYLS","YUS",,,"http://en.wikipedia.org/wiki/Yushu_Batang_Airport",
27240,"ZYMD","medium_airport","Mudanjiang Hailang International Airport",44.5241012573,129.569000244,883,"AS","CN","CN-23","Mudanjiang","yes","ZYMD","MDG",,,"http://en.wikipedia.org/wiki/Mudanjiang_Airport","Mudanjiang"
301193,"ZYMH","medium_airport","Gu-Lian Airport",52.912777777799995,122.43,1836,"AS","CN","CN-23","Mohe","yes","ZYMH","OHE",,,"http://en.wikipedia.org/wiki/Mohe_Gulian_Airport",
27241,"ZYQQ","medium_airport","Qiqihar Sanjiazi Airport",47.239601135253906,123.91799926757812,477,"AS","CN","CN-23","Qiqihar","yes","ZYQQ","NDG",,,"http://en.wikipedia.org/wiki/Qiqihar_Airport",
307017,"ZYTH","small_airport","Tahe Airport",52.2244444444,124.720222222,1240,"AS","CN","CN-23","Tahe","no","ZYTH",,,,,
27242,"ZYTL","large_airport","Zhoushuizi Airport",38.9656982421875,121.53900146484375,107,"AS","CN","CN-21","Dalian","yes","ZYTL","DLC",,,"http://en.wikipedia.org/wiki/Dalian_Zhoushuizi_International_Airport","Dalian Air Base"
307013,"ZYTN","medium_airport","Tonghua Sanyuanpu Airport",42.2538888889,125.703333333,1200,"AS","CN","CN-22","Tonghua","yes","ZYTN","TNH",,,"http://en.wikipedia.org/wiki/Tonghua_Sanyuanpu_Airport","Tonghua Liuhe Airport"
27243,"ZYTX","large_airport","Taoxian Airport",41.639801025390625,123.48300170898438,198,"AS","CN","CN-21","Shenyang","yes","ZYTX","SHE",,,"http://en.wikipedia.org/wiki/Shenyang_Taoxian_International_Airport",
27244,"ZYYJ","medium_airport","Yanji Chaoyangchuan Airport",42.8828010559,129.451004028,624,"AS","CN","CN-22","Yanji","yes","ZYYJ","YNJ",,,"http://en.wikipedia.org/wiki/Yanji_Chaoyangchuan_Airport",
317861,"ZYYK","medium_airport","Yingkou Lanqi Airport",40.542524,122.3586,0,"AS","CN","CN-21","Yingkou","yes","ZYYK","YKH",,,"https://en.wikipedia.org/wiki/Yingkou_Lanqi_Airport",
32753,"ZYYY","medium_airport","Shenyang Dongta Airport",41.784400939941406,123.49600219726562,,"AS","CN","CN-21","Shenyang","no","ZYYY",,,,,
